{"state":{"isStdErrTTY":true,"testRunDurationMs":50000.8864,"isStdOutTTY":true},"metrics":{"data_sent":{"type":"counter","contains":"data","values":{"count":5852596,"rate":117049.8449403489}},"http_req_receiving":{"values":{"avg":0.2294855334878772,"min":0,"med":0,"max":9.0259,"p(90)":0.8165900000000001,"p(95)":0.9655899999999994},"type":"trend","contains":"time"},"data_received":{"contains":"data","values":{"count":13327779,"rate":266550.8545864499},"type":"counter"},"http_reqs":{"type":"counter","contains":"default","values":{"count":31922,"rate":638.4286819363266}},"iteration_duration":{"type":"trend","contains":"time","values":{"avg":3.438032241087656,"min":0.5085,"med":3.0936,"max":392.4951,"p(90)":5.3421100000000035,"p(95)":6.583169999999998}},"http_req_tls_handshaking":{"type":"trend","contains":"time","values":{"p(90)":0,"p(95)":0,"avg":0,"min":0,"med":0,"max":0}},"http_req_duration{expected_response:true}":{"values":{"p(95)":6.273794999999999,"avg":3.1785714648205046,"min":0.5083,"med":2.9991,"max":391.4406,"p(90)":5.071200000000001},"type":"trend","contains":"time"},"checks":{"values":{"rate":1,"passes":31922,"fails":0},"type":"rate","contains":"default"},"group_duration":{"type":"trend","contains":"time","values":{"p(90)":5.3062,"p(95)":6.551869999999998,"avg":3.4147377545266684,"min":0.5085,"med":3.0604500000000003,"max":392.4951}},"vus_max":{"contains":"default","values":{"value":3,"min":3,"max":3},"type":"gauge"},"http_req_sending":{"type":"trend","contains":"time","values":{"max":2.9912,"p(90)":0,"p(95)":0,"avg":0.014206168159889725,"min":0,"med":0}},"iterations":{"type":"counter","contains":"default","values":{"count":31922,"rate":638.4286819363266}},"http_req_connecting":{"type":"trend","contains":"time","values":{"avg":0.00003423970929139778,"min":0,"med":0,"max":0.5657,"p(90)":0,"p(95)":0}},"http_req_duration":{"type":"trend","contains":"time","values":{"max":391.4406,"p(90)":5.071200000000001,"p(95)":6.273794999999999,"avg":3.1785714648205046,"min":0.5083,"med":2.9991},"thresholds":{"p(95) < 2000":{"ok":true}}},"http_req_blocked":{"type":"trend","contains":"time","values":{"p(95)":0,"avg":0.002850808220036339,"min":0,"med":0,"max":1.0545,"p(90)":0}},"http_req_failed":{"values":{"rate":0,"passes":0,"fails":31922},"type":"rate","contains":"default"},"login_duration":{"type":"trend","contains":"default","values":{"max":391.4406,"p(90)":5.071200000000001,"p(95)":6.273794999999999,"avg":3.1785714648205046,"min":0.5083,"med":2.9991}},"http_req_waiting":{"contains":"time","values":{"avg":2.9348797631727312,"min":0.5083,"med":2.86365,"max":390.9218,"p(90)":4.768020000000001,"p(95)":6.0006},"type":"trend"},"vus":{"values":{"min":1,"max":3,"value":1},"type":"gauge","contains":"default"}},"root_group":{"name":"","path":"","id":"d41d8cd98f00b204e9800998ecf8427e","groups":[{"name":"User Login with DDT","path":"::User Login with DDT","id":"7665635d9ada32d070edb306c4dfd07a","groups":[],"checks":[{"id":"e769f0a625ca749cae69cc9eb9600e99","passes":31922,"fails":0,"name":"login: status code is 200","path":"::User Login with DDT::login: status code is 200"}]}],"checks":[]},"options":{"summaryTrendStats":["avg","min","med","max","p(90)","p(95)"],"summaryTimeUnit":"","noColor":false}}